{
    "conf": "large-01",
    "grid": [
        [ 0,  0,  0,  0,  0,  0,  0,  0,  0,  0],
        [ 0,  0,  0,  0,  0, -1,  0, -1,  0,  0],
        [ 0, -1, -1,  0,  0, -1,  0, -1,  0,  0],
        [ 0,  0,  0,  0,  0,  0,  0,  0,  0,  0],
        [ 0,  0,  0, -1, -1, -1,  0, -1, -1, -1],
        [ 0, -1,  0,  0,  0,  0,  0, -1, -1, -1],
        [ 0,  0,  0,  0, -1,  0,  0, -1, -1, -1]
    ],
    "tileSize": 0.9,
    "encumbers": [
        [ 12,  13,  16,  22,  18,  24,  26,  48 ],
        [ 0.6, 0.6, 0.6, 0.6, 0.6, 0.6, 0.6, 0.6 ]
    ],
    "tic": 42
}
