{
    "matrix": [
        [ 0,  0,  0,  0, -1, -1,  0,  0,  0,  0],
        [ 0,  0,  0,  0, -1, -1,  0,  0,  0,  0],
        [ 0,  0,  0,  0, -1, -1,  0,  0,  0,  0],
        [ 0,  0,  0,  0,  0,  0,  0,  0,  0,  0],
        [ 0, -1, -1, -1, -1, -1,  0, -1, -1, -1],
        [ 0,  0,  0,  0,  0,  0,  0, -1, -1, -1],
        [ 0,  0,  0,  0,  0,  0,  0, -1, -1, -1]
    ],
    "tic": 50,
    "numberOfMissions": 11,
    "numberOfPlayers": 1,
    "numberOfRobots": 6,
    "numberOfPVips": 0,
    "vipZones": [10, 15, 44, 50]
}
