{
    "matrix": [
        [ 0,  0,  0,  0, -1, -1,  0,  0,  0,  0],
        [ 0, -1,  0,  0,  0,  0,  0, -1,  0,  0],
        [ 0, -1, -1,  0,  0, -1,  0,  0,  0, -1],
        [ 0,  0,  0,  0,  0,  0,  0,  0,  0,  0],
        [-1,  0, -1,  0, -1, -1,  0, -1, -1, -1],
        [ 0,  0, -1,  0,  0,  0,  0, -1, -1, -1],
        [ 0,  0,  0,  0,  0,  0,  0, -1, -1, -1]
    ],
    "tic": 50,
    "numberOfMissions": 11,
    "numberOfPlayers": 1,
    "numberOfRobots": 4,
    "numberOfPVips": 1,
    "vipZones": [1, 4, 5, 8, 18, 20, 25, 32, 36, 38, 44, 58]
}
