{
    "matrix": [
        [ 0,  0, -1,  0, -1,  0,  0,  0,  0,  0],
        [ 0,  0,  0,  0,  0,  0,  0,  0, -1,  0],
        [ 0,  0, -1, -1, -1, -1,  0,  0, -1,  0],
        [ 0,  0,  0,  0,  0,  0,  0,  0,  0,  0],
        [ 0, -1,  0,  0,  0,  0,  0, -1, -1, -1],
        [ 0,  0,  0, -1, -1,  0,  0, -1, -1, -1],
        [ 0,  0,  0,  0,  0,  0,  0, -1, -1, -1]
    ],
    "tic": 50,
    "numberOfMissions": 11,
    "numberOfPlayers": 1,
    "numberOfRobots": 6,
    "numberOfPVips": 0,
    "vipZones": [1, 3, 5, 9, 18, 17, 20, 35, 36, 40, 42]
}
